qMean,qVar,qSkewness,qKurtosis,qPeak2Peak,qCrest,qRMS,qMAD,qCSRange,fPeak,pLow,pMid,pHigh,pKurtosis,CombinedFlag
38.0157341342927,11.8754505575304,-0.709692100190903,2.98846927172348,19.8385085079538,1.16723980196733,38.1714763188161,2.8613633527329,45616.8819935832,95.7494505494505,7.43770724538094,96.2463598120345,92.6166545471119,360.927152317881,0
38.0201429922679,11.2431633443902,-0.662056149722954,2.88668301808845,19.5544435485049,1.17408444740722,38.1675919465108,2.78596572075522,45623.691875155,95.8100122100122,8.75484446552444,76.527787344612,81.5845131984311,313.741721854305,0
38.0174206670814,11.4135344444275,-0.657674428835221,2.84455780599832,17.9043895785004,1.14933234174217,38.1671102555986,2.81032198736012,45621.5138278012,95.8100122100122,9.31640453062378,95.7407509239229,81.7604388623373,278.145695364238,0
35.7375334344408,17.3686513912604,-0.211605413459299,2.26375913182743,19.2594654131817,1.22564696397862,35.9795148041826,3.44784709412885,42890.1078832784,15.9291819291819,230.945628425052,172.655776395193,62.0785314906105,198.675496688742,1
35.4528314252451,19.3943358927515,-0.148999685297044,2.16813391523493,19.7605924983999,1.23016930238324,35.7250814340583,3.67078967953514,42546.6556156594,15.9291819291819,308.953209823783,176.59830692065,47.4725802911901,197.847682119205,1
37.7084184440006,11.6626913838418,-0.64968770246019,2.87631746794939,19.123212176742,1.17067111548457,37.8626174757444,2.82931764956922,45249.4555376206,95.8100122100122,13.8458343433653,112.043750199129,80.0694733468357,118.377483443709,0
35.4056244460728,19.3500483679796,-0.140909777367368,2.13969309975529,18.9874221506246,1.21777421190831,35.6776145386763,3.68176723799821,42491.3076022917,15.9291819291819,281.955092842548,180.268279918288,49.5348496087905,246.688741721854,1
36.2708931483156,14.6126492337603,-0.267758745662026,2.37742440241091,17.6137357748654,1.19615838635775,36.4716077509865,3.13452373825283,43526.7200485553,47.9057387057387,130.631353868466,147.455159312027,66.3713054123156,152.317880794702,1
38.0051386385607,11.5753974321533,-0.702572157031241,2.87243789141404,18.1010687898732,1.1548083601716,38.1569957181592,2.82391766982563,45607.502668812,95.8100122100122,7.16992430671348,98.463883826006,92.3776760606444,186.258278145695,0
37.469903835376,11.3998551998291,-0.523216987132113,2.48426166819399,16.9401942681526,1.16906436322106,37.6215902994916,2.81155376052015,44964.324226948,95.8100122100122,19.4614695953779,107.289209160896,73.2065606552631,410.596026490066,0
36.5689050919238,13.6935961534136,-0.273771418205973,2.31110422832849,17.2379324611079,1.208441064106,36.7555031790743,3.05132581998456,43885.6043521392,47.9057387057387,112.729035421012,130.192381719108,74.1262406021693,276.490066225166,1
35.4850881257583,19.7189018101045,-0.166076700197417,2.224013096727,20.1341930333751,1.24858506067352,35.7616269535803,3.68616175973962,42586.0928888526,15.9291819291819,304.006471342215,187.753013038673,57.1655896039359,38.0794701986755,1
38.0492570925682,11.69493377,-0.678757512448544,2.86803016105828,19.9892311806954,1.18553460071955,38.2025020306646,2.84132278284424,45658.3157385564,95.8100122100122,7.01521211503646,99.453996431169,89.5076166250206,308.774834437086,0
35.4811994682081,19.397691092002,-0.134564962100461,2.17350929302695,19.6353886006684,1.22371203490034,35.7532803461668,3.68815351779514,42583.0591958084,15.9291819291819,283.693976056789,167.109013051332,51.4806451510756,418.046357615894,1
37.7374628582904,11.7712816175454,-0.669154107824446,2.81433094420104,18.9854751693619,1.17021824731377,37.892975382843,2.87459252911941,45283.6427221104,95.8100122100122,11.4487294464919,95.9414661808202,83.6447312486278,466.887417218543,0
35.4526510309732,19.5855131747264,-0.174454408200232,2.2360064264396,20.7902397194877,1.24038532936225,35.7275757731677,3.68500838987621,42547.3779399359,15.9897435897436,293.022313610425,181.079285988694,47.0192236016111,433.774834437086,1
35.397005967891,19.4556253288537,-0.157965188116823,2.18361699394494,20.6700534565586,1.24265927112005,35.6705404682668,3.68980636841093,42483.5204429719,15.9291819291819,303.051401940783,168.273349095786,61.3362583281153,184.602649006623,1
36.870379593415,12.2745974204288,-0.36677778130836,2.36815375983745,17.5230007481419,1.17905393749376,37.036323635975,2.90887914901335,44245.6259008198,95.8100122100122,69.2858216559297,119.606868711171,64.7668718780531,293.87417218543,1
35.7009746482477,17.2510958134018,-0.180792231940633,2.2202791174455,18.6941160269137,1.22613208533518,35.9415681725909,3.45326121444847,42845.281400706,15.9897435897436,225.989140604204,161.707359598919,49.2077443180416,86.9205298013245,1
37.6568708199164,12.0486717032586,-0.643325531778105,2.84639205122462,19.6498705596378,1.17134307254335,37.8163795127394,2.88182611568014,45188.9247719104,95.8100122100122,8.20456637243072,105.243459040345,89.8538665505383,233.443708609272,0
36.8379396230094,12.1798083889241,-0.404270751107232,2.42348736426699,18.7064800998785,1.19147134617056,37.002749393366,2.88368866715333,44206.8330549379,47.845177045177,61.7666012921327,119.546810607529,65.3812251632418,120.860927152318,1
35.4289524085241,19.8707006067028,-0.159748760802611,2.22676173628918,19.6387030093486,1.22977143750376,35.7080498521356,3.71366371029366,42518.170177747,15.9291819291819,292.520036267976,185.783313940755,56.2694183643006,322.847682119205,1
36.0952530853889,16.156218115418,-0.227988260233369,2.28631560506144,19.1625721092746,1.22909680883555,36.3181781083365,3.31364231743149,43317.8103045192,15.9897435897436,190.483679442309,155.427262568559,63.2017655845732,212.748344370861,1
37.9817329595428,11.2733606693978,-0.683438277014081,2.9299594813332,17.9684648064987,1.15876476818968,38.1297261022735,2.77861175774873,45576.0247114898,95.7494505494505,7.70259107617935,91.6763153843237,77.4167243938479,288.907284768212,0
35.4655871711463,19.5724633715467,-0.184626128698742,2.20293772687272,19.7006670580288,1.22837971585156,35.7402299931079,3.67248775344272,42565.1284536241,15.9291819291819,291.006159116221,172.749687951447,62.1042865153811,38.9072847682119,1
36.3128400153599,14.8063537985348,-0.27678556513955,2.35862459912529,18.8133199277744,1.23966462500607,36.5159742499788,3.15571269518324,43578.8240883316,47.9057387057387,126.114841156483,144.815150242861,62.6644409378314,452.814569536424,1
37.9719285878141,11.5557127107838,-0.675755780165856,2.84989660879927,18.1133287021506,1.16103403503435,38.1236599980428,2.82897394314446,45566.9886942118,95.8100122100122,6.60291831869535,98.7792382235172,93.044461659789,414.735099337748,0
35.7028937466068,17.7391475867421,-0.171699358708754,2.22549297657221,19.2367111686741,1.21295323388669,35.9502572891188,3.52195548645978,42848.4306922165,15.9897435897436,236.295807369566,157.084667193545,59.6579880152244,265.728476821192,1
35.4452058233631,19.3383062751929,-0.185975622069677,2.24069689139883,19.9759693184396,1.22612449756115,35.716730257664,3.65259303560384,42539.4252120963,15.9291819291819,287.849970505844,179.15866550374,50.984307219746,308.774834437086,1
36.3174391559508,14.4031525825875,-0.236787899197596,2.31591629728134,17.3422004932736,1.20015625634524,36.5150317923384,3.12749712369433,43583.0156055092,47.9057387057387,131.015131381404,153.6677069746,64.9462840944176,310.430463576159,1
36.0242496408516,15.8248859715881,-0.213226404627531,2.29736864682531,18.5642167773216,1.21679719467519,36.2430444600528,3.27610290242688,43234.0120521251,15.9291819291819,178.764462175843,154.112118813019,55.6522529745337,197.019867549669,1
36.0622695473407,15.5481613667141,-0.2382026327373,2.29170515887207,18.339456260655,1.20868347498248,36.2770244129666,3.24518007575126,43279.2186938339,15.9897435897436,174.578665297375,157.501102674396,52.8750165499785,394.867549668874,1
37.1935607843832,11.4866921219243,-0.450561108390685,2.37452677831593,17.0636514275733,1.1795958008732,37.3475312660733,2.82697041834613,44635.7396398439,95.8100122100122,43.5719586444349,109.190999436361,77.4635717191746,392.384105960265,1
36.2802668685351,14.5543660135353,-0.205951279207771,2.23782168423521,17.621220552122,1.19957032719417,36.4801317366879,3.15753853482694,43542.0842005746,47.9057387057387,143.516051283726,147.565674788926,60.5208844170351,309.602649006623,1
37.9947949515985,11.5258187166703,-0.667717706014928,2.83933548277183,18.5693787676113,1.15615939638819,38.1460439007656,2.83473156499047,45595.0187536007,95.8100122100122,7.22079232721479,93.9667043518625,85.5737600148524,409.76821192053,0
37.7490851087216,11.6236014817626,-0.675367363131764,2.87969178494798,18.5601185606954,1.16317106663457,37.9026034693915,2.83841254536944,45300.1209653033,95.8100122100122,9.99341892780601,111.045837488368,95.2392912509552,10.7615894039735,0
36.0877412499947,15.2840102767609,-0.273805996963952,2.37495659314839,19.2176342946508,1.23055784101997,36.2987100698243,3.20700349815534,43308.8733888603,15.9897435897436,167.102057040743,125.845164472787,54.9888114710289,378.311258278146,1
37.9850598901368,11.6465217853058,-0.633828741864746,2.6981849644545,18.8407986335302,1.18319050206305,38.1379286182258,2.85976826581676,45582.0202306703,95.8100122100122,6.50108353982269,96.4529041982176,92.1256200563024,57.1192052980132,0
37.5236935444817,11.7706710452383,-0.5467404335324,2.47009691707842,17.5756861331215,1.17518707901453,37.6800802485896,2.88849126554426,45028.143133547,95.7494505494505,21.475390916188,107.925223502485,79.5162207841284,298.013245033113,0
37.9528046744832,11.4689253521604,-0.672181723452769,2.91482917865736,18.538865156693,1.15812576304136,38.1034743629993,2.81788916511854,45541.6657405783,95.8100122100122,6.17490362656858,87.7307577589252,81.7981704453455,24.8344370860927,0
37.9525827655022,11.7798471608085,-0.681025169463271,2.81933518420748,19.5210679896078,1.17179089581159,38.1073297065989,2.87001356413723,45544.6433413153,95.8100122100122,8.46349370171493,97.3742295365734,81.6831030483772,436.258278145695,0
35.74458691924,17.3977797606662,-0.236961129650782,2.29155971412563,21.0275980513682,1.23571396634838,35.98692523278,3.45240564859602,42897.8044983809,15.9897435897436,230.378679177888,156.296077840827,62.636605613141,329.470198675497,1
36.2553391812131,14.8281033233036,-0.242981101793456,2.36703405628452,19.5454518423617,1.21209677434675,36.459091815404,3.16397102642034,43510.4374850853,47.9663003663004,131.268280132755,150.838924829427,55.6869710998724,294.701986754967,1
37.1582802784882,11.8043341390123,-0.376319044518107,2.32987212527254,17.6402493809158,1.19443855569499,37.3166490810632,2.86871046668817,44590.6519248911,95.8100122100122,41.4768343325255,124.243761505908,60.6451693843342,24.0066225165563,1
35.4859398332826,19.2449185112443,-0.183523700960167,2.17858406868642,20.4264762906811,1.24071246013292,35.7558501546796,3.67494255620981,42587.8271953937,15.9897435897436,298.480855813202,159.585314617168,53.3209690238528,294.701986754967,1
38.0238013716763,11.4304618709981,-0.645175226955709,2.75909069257119,18.0708071090948,1.14552127321051,38.1736874714771,2.82763075291742,45627.7054060149,95.7494505494505,5.97821134569693,96.9207500252244,81.5718518445637,459.437086092715,0
38.0064435354033,11.0420261680357,-0.65843721226644,2.89528209245492,17.4318746479506,1.15029823561932,38.1513116727466,2.75473795530853,45606.9147177234,95.7494505494505,9.36582269409138,94.1591344509517,77.0586849857507,451.158940397351,0
36.8127989135451,12.7167221664118,-0.40362046635068,2.33060619406846,16.957323472352,1.19815198458276,36.984973943086,2.97168322246323,44177.2039704899,47.9057387057387,67.683566367437,130.00750587449,71.8174070789645,119.205298013245,1
37.1562090358819,11.6349642354552,-0.447166465577482,2.39955604959563,17.350818272331,1.1924012676001,37.3123189633556,2.84837560975125,44590.1954958976,95.7494505494505,35.9839633924742,112.486379174261,66.7452994667059,24.0066225165563,1
36.078678028868,15.9310952439676,-0.185150319652054,2.2227585920618,18.4312959886012,1.21597175133935,36.2986065668648,3.30216390509434,43298.3849516513,15.9291819291819,202.971997757932,163.898776806969,59.0190362521187,433.774834437086,1
36.0084734409587,15.9502356961033,-0.195342269580257,2.2741271394702,19.5048187704126,1.23421854363171,36.2290921008046,3.30224947700703,43213.2680324014,15.9291819291819,182.955376311939,154.604637749454,62.5119214245168,456.953642384106,1
37.7389911406882,11.392284759536,-0.596087842081876,2.60267301021817,17.5508108232077,1.17663136816767,37.8895005431659,2.81775384499358,45287.6014847684,95.8100122100122,11.9687097539524,110.895533753252,80.3157302007776,10.7615894039735,0
36.8329609024958,12.6439920661285,-0.343918516228561,2.22176863832621,16.6465237303522,1.17791911610148,37.0040602234957,2.96836337386021,44201.8586884186,95.8100122100122,72.6541657196226,124.833274717462,64.5287152442748,71.1920529801324,1
36.9128949968045,12.6193775271641,-0.404020606146781,2.41189588241184,17.9495789481363,1.19146180089539,37.0832939095289,2.93231910545016,44297.6853648403,47.9057387057387,67.5164619659138,132.057066142434,65.8696165377997,118.377483443709,1
36.2577509767354,14.8187156384134,-0.268197130415592,2.29044437296909,17.4044261295993,1.20787166017574,36.4613615061461,3.16963892241469,43511.957364024,47.845177045177,134.650089174259,150.043218292402,62.1941655305428,57.1192052980132,1
36.0766329020529,15.8126938594111,-0.213847886882581,2.30719601873567,19.0574205216348,1.21816401124149,36.2949441263644,3.27791388373317,43295.3657233185,15.9897435897436,181.366431114483,156.852634379142,51.5401995921201,295.529801324503,1
37.9745030181688,11.9571750708465,-0.702850137090812,2.92781851598387,18.8318556709665,1.16319319087989,38.1314843473458,2.89159587186928,45569.5716666954,95.8100122100122,6.8220672881449,90.2613876088885,90.257619420033,10.7615894039735,0
36.069159651587,15.8377786934257,-0.245114650298044,2.29857410735502,18.7335950187955,1.21169113303903,36.2878611867039,3.27269754467441,43286.740552354,15.9897435897436,172.396770537267,159.97853785644,66.2523449062428,475.165562913907,1
37.4784874479758,11.2923342676401,-0.518296051786236,2.43824955945768,16.8632403761822,1.16748918747176,37.6287118197332,2.82913657363031,44974.4182088267,95.8100122100122,22.5289346459485,106.985276915162,80.0403126283594,232.615894039735,0
36.2941739858612,14.6942298994332,-0.253687017697412,2.34649555729817,18.9971258401115,1.22218486665193,36.495877304425,3.15955820088779,43555.4488531628,47.9057387057387,129.935534540694,149.522881083224,70.4047212619081,480.960264900662,1
36.3370879752025,14.6615262142214,-0.234883884283619,2.34688224613805,18.3775615151401,1.21236406144898,36.5381072438961,3.14442449578316,43607.0162610975,47.9057387057387,131.399301212462,149.465201011211,67.4503255496854,70.364238410596,1
37.6725787606776,12.1485130083317,-0.648129019060183,2.87177599041853,19.8407279938169,1.19045695614042,37.833339637896,2.88826609706295,45208.2219387431,95.8100122100122,14.4324350265413,113.44022319813,94.5687616639398,311.258278145695,0
37.7136307828776,11.7934831627204,-0.629071045809533,2.74218428516322,19.1941342627356,1.1778414672622,37.8695340646065,2.86841425390993,45256.8574134932,95.8100122100122,14.3570437759221,96.6095208260426,92.4777175018897,421.35761589404,0
36.8687263819102,12.3153086985862,-0.410370669523846,2.3759584232659,16.9961947467141,1.18791095154163,37.0352270076838,2.91644675692373,44245.5654772063,47.9057387057387,63.5678632480713,131.362571993041,69.683073961479,167.218543046358,1
35.4659426104984,19.4180434503697,-0.187827036040534,2.18401301235451,20.3559065737662,1.23722904752257,35.7384241464588,3.6885886728756,42565.8055950591,15.9897435897436,321.025938800171,178.1886468028,62.0846351530994,481.788079470199,1
37.1113584837845,11.7288535297569,-0.458634111112269,2.39604620274603,17.9203046756706,1.18074500591912,37.2689148773528,2.86527620020648,44535.8661966387,95.7494505494505,39.8862157785396,120.517715493622,76.9871554493602,68.7086092715232,1
36.5513548043002,13.192742367268,-0.267459332921452,2.30211035485538,17.0741599948715,1.20153332328496,36.7312305211674,3.00523505042048,43863.2559619636,47.9057387057387,93.0890160405195,148.537581090436,65.1173577282357,58.7748344370861,1
38.0171557159076,11.4754235584744,-0.665513772328325,2.78843798747337,18.4281272459107,1.17013720682493,38.1676564304842,2.82009753086658,45621.5269877967,95.8100122100122,8.60395127511866,96.3353090932732,84.7294208343759,195.364238410596,0
37.4644797241426,11.6840475586212,-0.587908010711093,2.59765422085306,18.5480377582212,1.16900688672564,37.619962253572,2.8542407382958,44957.8667938555,95.7494505494505,20.3756122681556,112.046837551485,86.3186183097494,490.066225165563,0
36.0413065826765,15.8441306910291,-0.249316786652996,2.30872820319323,18.3782192526315,1.21519287742372,36.2602636287849,3.27824130072602,43252.2515720653,15.9897435897436,171.510817473115,157.809136633186,58.1037846699477,152.317880794702,1
37.4338788533213,11.363300819412,-0.534017089964227,2.45126390749123,17.5693962100246,1.18122821377657,37.5852248269424,2.83585055118657,44921.6692804863,95.8100122100122,19.0243693303387,98.8854874601961,84.4115497224816,249.172185430464,0
36.574397598182,13.0568185436696,-0.365019568522019,2.38884559419016,18.2571831264922,1.19669647632579,36.7523129420603,2.97259604402612,43892.4541152658,47.9057387057387,98.0051748020074,119.556094095402,73.3778225831662,341.887417218543,1
36.2863404009801,14.6481346423797,-0.268332105664526,2.37197242915142,18.7918573546425,1.21672585064581,36.4874558954603,3.13288495647594,43547.4038783214,47.9057387057387,130.345992703498,143.895107016409,68.6952441561064,297.185430463576,1
35.748995956791,17.3158328991609,-0.178873122211535,2.27631766175944,18.9242355206629,1.21918833857853,35.9901670873023,3.44159283843651,42903.2589133168,15.9897435897436,223.796174835878,170.775323682402,59.6217353913246,308.774834437086,1
35.4264817489591,19.2012261914124,-0.162688927276518,2.28436202678527,21.7010131083893,1.22974760917891,35.6962301595281,3.64080293052254,42516.4039398062,15.9897435897436,294.107770944262,174.268990594498,54.2964016494411,314.569536423841,1
36.5766678089195,13.209596071131,-0.306009594571142,2.33890333824296,18.9745192481045,1.21861742360695,36.7566487216142,3.0054568553558,43893.1214014416,47.9057387057387,90.6349590642545,139.620750008126,60.697238352425,118.377483443709,1
37.7104226480412,11.941876776859,-0.653921192242858,2.82699865288656,18.5814999804115,1.17524639047506,37.8682968958579,2.88928352752413,45252.4298670787,95.8100122100122,15.2668691506353,96.7176043554917,85.3002560485954,10.7615894039735,0
37.6679342006084,11.7544156292272,-0.656040231723511,2.7826925656839,19.5019772222506,1.16438939956978,37.8235098236563,2.86074912245184,45202.5262918152,95.8100122100122,6.10660705949999,96.9705495462619,94.1417203701827,10.7615894039735,0
38.0374605712733,11.6739644274782,-0.709108541397857,2.93609307965333,18.9294125031117,1.16874199436536,38.1904785376555,2.8408415112742,45644.6622045157,95.8100122100122,7.4284232992767,88.5227608165549,93.7521243551392,246.688741721854,0
37.4706608544659,11.4539155897253,-0.510379485918959,2.44881477318989,17.0574461263438,1.16522286597253,37.6230621225592,2.84523693254406,44964.8015906386,95.8100122100122,18.9793140624025,105.091671998087,71.3949033186341,460.264900662252,0
35.7592714553614,17.9004960986235,-0.202963573064217,2.29070121722606,19.9900736092861,1.23223133758874,36.0084863116643,3.50154177083855,42915.1999755148,15.9897435897436,236.230021543854,155.246180692479,62.0682439572802,328.64238410596,1
37.4494615089147,11.5834347018603,-0.503083867615086,2.52754208801497,19.7622977323132,1.19016448028245,37.6036694643574,2.85700686450604,44939.8941033501,95.8100122100122,24.5114786107585,112.43093471641,78.0718922341928,118.377483443709,0
35.7385466518539,17.7025427508905,-0.194792529534329,2.25257772898058,19.3032246556729,1.22869344115777,35.9851569359071,3.47763368269002,42888.8719096309,15.9897435897436,245.199702864201,153.658839130131,59.6492131900455,248.344370860927,1
37.4588866529886,11.1925415552652,-0.548189587854593,2.54391977081823,17.1318437321776,1.16209944408638,37.6078636921173,2.79464011688781,44953.0329801133,95.8100122100122,22.4128401822412,91.7462806201866,69.2485594461415,406.456953642384,0
35.4096219430259,19.0073811571689,-0.159975057429384,2.21176637448226,19.6565982146965,1.23454705974228,35.676783501452,3.62202120007714,42496.5038313658,15.9291819291819,301.826115511542,163.003019031049,54.4314444655412,437.913907284768,1
37.1495457130823,12.3459971572931,-0.457143717767539,2.34244679926997,16.6146099626999,1.18457978103309,37.3152041945531,2.93785495227287,44580.9001259942,95.8100122100122,37.9535851938305,112.269729739536,76.9241417909,166.390728476821,1
37.740203439687,11.4493508566486,-0.631979000105218,2.73383632756807,18.7484284588478,1.17240290635257,37.8914604277034,2.82403537919668,45288.9204180449,95.7494505494505,10.2232898703484,109.024994560888,84.4001172238737,407.284768211921,0
37.4694644979079,11.3646427017319,-0.514483490187269,2.41083545662826,17.7715153278159,1.18057426451584,37.6206851321406,2.81442788320795,44966.8915369551,95.8100122100122,16.1123904323452,110.062529681795,77.4366114618184,10.7615894039735,0
36.3041003010737,14.3411880256782,-0.258942003908522,2.32964455601638,18.7788747635878,1.22538725317929,36.5009170522734,3.11060016521775,43567.5284871974,47.9057387057387,141.804367998913,142.272212666489,59.094830911406,325.331125827815,1
38.0019815878557,11.8346755848804,-0.714793534341076,3.0107210663704,18.4522325276767,1.15986758667432,38.1572460506603,2.85673082310317,45601.3925634789,95.8100122100122,5.94267623811869,95.3438172713994,96.504877279946,290.562913907285,0
36.8669693860981,12.736769592086,-0.369105544634221,2.34838820084936,17.5696525609355,1.20826292043122,37.0391630058042,2.96666419153976,44242.2956138529,47.9057387057387,69.723377718072,132.389158327743,74.0296520649558,294.701986754967,1
37.1829737803738,11.710253565698,-0.473804895848478,2.39657499173139,17.2412533687454,1.17715488617685,37.3399791416435,2.86990031166389,44619.7929900322,95.8100122100122,41.2300062343297,119.703952233976,75.8687593077517,387.417218543046,1
35.736234932416,17.6458046915355,-0.20057538232846,2.26528624722304,21.0296355071396,1.24461315887533,35.9820733038405,3.48358171982705,42888.2417192585,15.9897435897436,227.141939832565,160.314358546714,59.5835963358086,25.6622516556291,1
36.5924264181402,13.4594526517755,-0.356008103639367,2.3131509574203,17.7971424229398,1.19938782745724,36.7757245604665,3.04771273693436,43912.8292531168,47.9057387057387,100.576853772929,134.827790011981,70.4338445591163,197.019867549669,1
36.5675598860319,13.3658996693345,-0.30406553927675,2.3315713399336,18.4654091268983,1.21018006611793,36.7497102942633,3.03340663572455,43884.1981623139,47.845177045177,109.867816962189,135.705336252489,67.9492255446691,57.9470198675497,1
35.4866433950008,19.3652425415802,-0.165882423543758,2.22608931346187,20.0312843007965,1.23533645121892,35.7582295104261,3.65622463689186,42589.627171722,15.9897435897436,297.961629119655,186.566409156493,46.2616939095512,167.218543046358,1
37.4231382581487,11.0749180066887,-0.558605492853276,2.59502720979081,17.3209815620193,1.17557202955958,37.5706930157187,2.75509515336693,44909.8042833024,95.7494505494505,19.1041011580989,114.962623499678,70.5889561024337,406.456953642384,0
36.0154905336958,15.8421952073884,-0.198121452549897,2.23358426512437,19.0089569734635,1.22491378903934,36.2345768949099,3.29876804143236,43223.186270872,15.9897435897436,182.174553768878,159.562443329126,58.7401322642595,72.0198675496689,1
36.0051294130441,16.0257696140353,-0.179143940623083,2.24052531815986,18.9323892194572,1.21487168708168,36.22681009937,3.31579510859946,43211.2532653158,15.9897435897436,184.860781946925,146.482927059078,45.8006206379979,371.688741721854,1
37.1321886672609,11.64004912553,-0.423774844012588,2.38098898068594,17.0757478022024,1.17586927658491,37.2884672838974,2.85401859592203,44558.0317737549,95.8100122100122,32.3111567506204,108.710748947216,67.0839800383704,213.576158940397,1
37.983805091459,11.1812995490364,-0.695543299332385,2.93415700692126,18.5042353748189,1.15836468390628,38.1305840341279,2.78020655737892,45580.3677145413,95.8100122100122,8.06064570170695,92.5253695564592,84.9493852344896,166.390728476821,0
36.6087335593096,13.5215945994067,-0.302788791089156,2.28131877416173,17.7519975410849,1.21434724895718,36.7927942510841,3.04763610902282,43934.0821101729,47.9057387057387,103.022888225198,127.591576032865,71.6065363755476,36.4238410596027,1
38.0325484527451,11.5612894472252,-0.696388908799343,2.88746717594822,18.9546764044407,1.1689986698332,38.1841119429501,2.83034274633764,45636.1151697233,95.8100122100122,8.43098371224866,92.0506706387947,86.0644460421267,10.7615894039735,0
38.0038761662201,11.3897320286021,-0.745963204581872,3.0129368972744,19.1148125956027,1.15676259930023,38.1533072242183,2.78863523627633,45603.0326936478,95.8100122100122,5.52304609268651,92.9925498653562,77.6146851569173,10.7615894039735,0
36.5597240938599,13.5456145532512,-0.285038798062587,2.26985222472057,17.1049223238706,1.19680739936684,36.744356869581,3.04119809086961,43874.7862258981,47.9057387057387,100.806656247778,146.15355458508,62.739336629967,169.701986754967,1
36.046238427662,15.7771253900712,-0.241289001307729,2.27507254647886,17.8591382163899,1.19867293283748,36.2642426298503,3.27772237423934,43257.7442576534,15.9897435897436,189.98091989309,145.996167746751,63.5579190278473,355.960264900662,1
35.4285583292826,19.4115188191842,-0.173578149665716,2.21874407264981,20.6771851567321,1.25734542019948,35.7012338906358,3.66762376254803,42517.7204771551,15.9897435897436,298.396904820231,172.729365870708,56.3790575721029,104.304635761589,1
37.7272352370967,11.7770679038189,-0.665610416784446,2.78816181997493,18.659048052923,1.17419948658878,37.8828660542931,2.85726196573792,45270.8643731086,95.7494505494505,12.6530046516098,104.71321882452,87.8805003710171,310.430463576159,0
36.5412309012982,13.2422811976077,-0.288588111388205,2.32037507384687,17.6936652894559,1.21139255293868,36.7218301686291,3.01024530403738,43852.0336076068,47.845177045177,103.397661966395,132.268166091943,63.9574311687243,229.304635761589,1
36.8591948702168,12.6628515820401,-0.419061850828155,2.38259632962699,17.0714683595062,1.18352221992681,37.0304274141234,2.96211345908229,44234.5281072781,47.9057387057387,72.621401321727,127.574049700983,78.1941489468245,24.8344370860927,1
38.0298957512225,11.6203007702437,-0.698742882398451,2.89945100161695,17.9787504425141,1.14794297735259,38.182241894604,2.84704576406397,45635.9090820796,95.7494505494505,9.73940288862715,96.6477464901517,94.5403917073791,288.907284768212,0
38.0289198322287,11.5358737243158,-0.648156219349407,2.91891035404258,19.668516358949,1.17036035228512,38.1801651660471,2.829795482316,45635.8323354687,95.7494505494505,6.7478888072536,94.4686200625591,82.0731600483695,247.516556291391,0
37.9997047863994,11.7128072849901,-0.703048120021172,2.83240778864456,18.336131423136,1.16060458127402,38.1533827935725,2.84661607943238,45599.8962064427,95.8100122100122,7.06235505237608,89.6873849285658,94.7507903012154,454.470198675497,0
37.1763011781186,11.7461798522395,-0.467053203320158,2.43313964741238,17.4048842041226,1.17550015542437,37.3338153529142,2.86999120435227,44612.5047830377,95.8100122100122,32.2624250979027,111.334598331023,72.9773449471926,441.225165562914,1
37.8830689289248,12.577216400311,-0.798693254668424,3.33466155793692,20.9177300592019,1.17771906796485,38.0485696917402,2.92464291718574,45458.9577089965,95.8100122100122,11.2688708736621,102.683513406461,104.108155664171,419.701986754967,2
36.8482083848394,33.8719478932428,-2.12779256554324,8.54430536799852,36.2505664577004,1.21677918644369,37.3046137353699,4.0743499379711,44221.4724567316,48.026862026862,197.209230131748,384.688130944986,159.83521392585,201.986754966887,2
37.6614021676009,15.6444579593735,-1.1675381320463,4.81312734767175,23.7729933871569,1.16301421067265,37.8683594178043,3.11372694183533,45194.845491143,47.9057387057387,33.1312979014556,163.434719015207,140.336385729805,313.741721854305,2
37.2421259879152,21.9885809222512,-1.71623260162251,7.04856056177588,29.5511598633067,1.19022786126245,37.5359323909997,3.47513538215129,44691.0179553197,47.9663003663004,76.5834826010798,211.003336202876,161.59956603315,379.966887417219,2
37.8862024208758,12.4888139865291,-0.836907765918621,3.48330551972438,19.8513614565046,1.16670898390293,38.050528894914,2.89206944866061,45462.4334361037,95.8100122100122,11.4838226932014,102.105002377148,90.0788101550014,193.708609271523,2
37.1707534075699,27.3159120194,-1.94282843972323,7.79331799707412,30.7566245721765,1.1818752289542,37.5360903211742,3.75153487161643,44606.1511815051,47.9663003663004,109.484103819345,306.327337509773,166.611085340352,280.629139072848,2
37.7188986846569,13.6345924805213,-0.99142612036449,4.02317723195367,20.8120464372208,1.16834175777288,37.8990574785721,2.97488514268398,45262.8151665452,47.9057387057387,20.2742330459022,119.442582388506,118.929622986609,421.35761589404,2
37.0742492845839,27.4451936787239,-1.97772982808585,8.00820662295744,33.1208608637271,1.2130479100207,37.442252893526,3.75431005434077,44489.8842260972,47.9663003663004,112.874908637123,307.999552841516,157.663296360847,379.139072847682,2
37.1082354626602,27.3252072170271,-1.92949070705838,7.82844548613923,32.5477933497455,1.18986464186057,37.4743057884103,3.78199777874504,44530.1300826321,48.026862026862,116.137871147026,299.787598819981,174.861277575087,201.158940397351,2
38.0120168134293,11.3662229859969,-0.679145718657835,2.8456037317907,17.9688948861935,1.16587525518042,38.1611082287265,2.81321004636308,45614.3687029418,95.8100122100122,5.38481804846908,95.55173952239,86.7177840302613,281.456953642384,0
36.8372327744817,33.3084894881188,-2.133292700027,8.55148158250556,35.9470758717544,1.18698897902336,37.2862236490441,4.02672465081094,44205.4850504648,47.9663003663004,182.284719587326,386.98253346073,151.859132385505,72.0198675496689,2
37.4535400345434,18.2165726218418,-1.42246107051779,5.87862144035248,26.5668110240912,1.19132621300885,37.695743339317,3.26582913933838,44946.3050504681,47.9663003663004,50.5346553071449,170.955293920744,144.323405905146,404.801324503311,2
38.0242335312916,11.8513717537628,-0.68565510886142,2.86659200202005,19.1385613814649,1.16861289286087,38.1796259734966,2.87890727445243,45628.779525699,95.8100122100122,9.68010906205405,94.8514073926561,96.8153764976301,286.423841059603,0
37.7586913104924,13.9637554648273,-1.04555421563145,4.35178990304495,21.9874282683618,1.17016704308544,37.9429953769068,3.00400052597712,45311.8137522559,47.9057387057387,20.8996778452982,137.479078366072,108.011425890587,404.801324503311,2
36.3046609255426,51.7512251865745,-2.34934188589827,8.92557019218486,42.1348355580801,1.23276868673654,37.0099519047598,4.77795642345373,43568.6015240846,48.0874236874237,283.424734899292,577.990228272177,193.814991577618,443.708609271523,2
37.9155737615216,12.2557555492381,-0.794511883874985,3.37213889195397,20.4488891934413,1.18446555660469,38.0767157799731,2.85085768495874,45496.3677622933,95.8100122100122,14.2670056625489,97.569141681587,89.6592105462754,395.695364238411,2
36.5828681959494,42.31876541146,-2.25369803571086,8.77974518579435,37.8946238735486,1.192990199826,37.1562884930584,4.44028389718747,43901.290394432,48.026862026862,265.51629035944,476.268758270234,165.50452018596,411.423841059603,2
37.2954015069861,22.3554195320141,-1.70442294815239,6.9777263326204,28.9501793983545,1.18025021254334,37.5936667418159,3.51064078284369,44753.6043098149,47.9663003663004,80.2704046620274,226.150831788631,153.654359240843,265.728476821192,2
36.2759789039256,51.7187981635498,-2.35785666241199,9.05344825117825,41.200618063938,1.20570096971366,36.9813788343412,4.79994569559064,43534.4811164246,48.0874236874237,311.488722061647,548.12450376544,189.194660943655,56.2913907284768,2
37.9906978134853,11.7764357906033,-0.663896328592056,2.83144426269027,17.7996340512225,1.14858322557615,38.145245452362,2.86557772650555,45586.8121551544,95.8100122100122,7.43563468141322,95.3129823791477,82.8841337530229,119.205298013245,0
38.0099576975362,11.500157525045,-0.695724664294403,2.96080347217623,18.7449803757148,1.16095481144153,38.16081060733,2.8311308511351,45611.2880505087,95.8100122100122,7.69679897534237,88.2841184112551,83.1204410098068,355.960264900662,0
37.5023649800573,18.0589348632899,-1.46049554544663,6.10520450716102,26.2634068616331,1.17563021348023,37.7421684244403,3.26168255731916,45002.1091527741,47.9663003663004,51.904064952409,170.708136383095,154.431451270791,120.033112582781,2
37.92361450051,12.8835141830839,-0.834822433061264,3.45550165966215,20.3095858070136,1.15807870754611,38.0929563521131,2.9613235260916,45509.0003297814,95.8100122100122,13.470738860695,111.761609819825,98.9917201780229,461.920529801325,2
36.289196415652,52.0864579026318,-2.34957061890079,8.97251926775569,41.9143293359285,1.20626905552519,36.9993089821398,4.80544153244502,43550.4415179791,48.0874236874237,309.109689960461,547.649439231551,192.682000165204,299.668874172185,2
37.9860532514342,11.3770886494262,-0.690267094574953,2.96988994133581,17.7127859855496,1.15694418370092,38.135388515881,2.78858341268996,45583.205971452,95.8100122100122,6.31376346034508,93.839988526333,73.9020114339889,356.788079470199,0
36.8478553672552,34.0963420676916,-2.09811053272846,8.29695083068855,37.2119330240014,1.2346121543533,37.3072700324449,4.09032083589392,44219.340234594,48.026862026862,190.480641288374,404.519921656376,162.233536548637,201.986754966887,2
36.6023287099356,41.8304515892563,-2.25669329303536,8.91210002966667,38.5806010087461,1.19989851817693,37.1688860324669,4.40042508632726,43925.0763481493,48.026862026862,228.236300428068,466.75051377154,169.365299278109,238.41059602649,2
36.5597799618974,42.3236167422198,-2.29594667622226,9.04369892617146,39.0699810012387,1.21247147905077,37.1336220599457,4.43605162106161,43875.6706257472,48.026862026862,244.414533402813,504.160863897835,195.546121619041,387.417218543046,2
38.0160010134128,11.7585211426757,-0.675351764950556,2.85431180292514,17.7960481383586,1.15492762849,38.1702117309519,2.84089512638189,45619.733891954,95.8100122100122,7.33035177303537,97.2469002414703,85.5887050215077,293.046357615894,0
37.5969938196478,15.8640504664548,-1.18290307806647,4.82880970705614,23.7765761178799,1.18335158223914,37.8072054733825,3.16035987532684,45115.4832957308,47.9057387057387,38.9264344971866,140.966858157303,134.006734470575,341.887417218543,2
37.7929064217158,13.8487087681575,-1.09191927092269,4.55240499154998,23.1074649573126,1.16593866034031,37.9755309849281,2.98385584949554,45351.2591067888,47.9057387057387,22.9211155050561,116.315979320066,113.041878216552,39.7350993377483,2
37.9706083130478,11.4089777042377,-0.635363540426577,2.65384404917712,17.6957557263883,1.16428436041141,38.1204220045112,2.82254409378139,45564.6848581761,95.7494505494505,8.72230457735941,94.1491228051321,84.6209260455259,373.344370860927,0
36.5763757806214,42.4560983748398,-2.24245598183467,8.72377134311704,38.2425920605534,1.19623913969037,37.1517430680841,4.43008244101494,43892.9842742099,48.026862026862,236.82836940399,505.699366112535,182.524377625907,341.887417218543,2
37.5022659795505,18.1402027311067,-1.45354964166834,5.98649788099712,25.6326055785063,1.17067121291267,37.7431457629504,3.26646009999831,45005.3787728894,47.9663003663004,47.5286596650259,182.405296837032,159.095833321542,477.649006622517,2
36.2697751650782,51.5657959408382,-2.34670504757843,8.99555275750545,41.524839521013,1.21211484977754,36.9732261339108,4.79844780916078,43526.1223223924,48.0874236874237,297.80278280547,533.448049894646,193.764316942892,331.12582781457,2
37.9294524218484,12.6515295698718,-0.824697017127947,3.42342330749377,21.2562012638103,1.17483012156756,38.0957262226132,2.91864293454682,45513.5424441581,95.8100122100122,11.6496605082085,106.301369126203,102.138682267335,437.086092715232,2
37.8035738866212,14.1850173575562,-1.07947430153243,4.43544166364495,23.4690978992204,1.16913872731057,37.9905699477317,3.01255247557199,45363.7856384993,47.9057387057387,20.7208267717527,121.53979718229,130.114344586573,262.417218543046,2
37.8966617385152,12.6814203701991,-0.863105886000782,3.56668387384623,20.4722568524412,1.16419271335848,38.0634711008145,2.91608224421989,45476.1893704857,95.8100122100122,13.1061987389027,100.984257790859,92.2861495185311,10.7615894039735,2
37.9468282474049,11.4800656283408,-0.622490430361186,2.79201637868426,18.1061319309391,1.16027948555072,38.0976676570976,2.8291428733359,45535.0858025978,95.8100122100122,9.42563554550819,94.9239581418812,80.6633555614532,56.2913907284768,0
37.9560463929995,11.6485159627655,-0.668846034429056,2.81270819272529,17.9003701715237,1.16268760665807,38.1090576469187,2.84095669485872,45547.2718570627,95.8100122100122,6.45260630470618,93.6362207616222,86.9162216461836,309.602649006623,0
38.0274792589447,11.5565706417445,-0.691664812176685,2.95531566841055,18.8757387674697,1.16680381541701,38.1790011259382,2.81443044753369,45632.6647695898,95.7494505494505,8.00086247516061,89.6878657085478,78.9278761058587,283.940397350993,0
38.0421974133999,11.6826697726748,-0.690579602856012,2.82635076741721,18.7773899911499,1.17094521910803,38.1953102665868,2.84657775024698,45651.0255517515,95.8100122100122,8.34448150526355,90.6907325393687,90.9702920414404,389.900662251656,0
38.0007131541249,11.6164893478489,-0.67136885610014,2.77609360948553,17.3662849014406,1.15550071406336,38.1531259167899,2.84297914807571,45600.4427944179,95.8100122100122,8.70126380579122,103.865053968513,79.2672597580521,199.503311258278,0
38.0434509859992,11.4721224816009,-0.695660681544843,2.86069575160714,17.5672000466517,1.16050760484096,38.1938049068665,2.82595225986123,45653.1609002504,95.7494505494505,10.5686679195767,97.6639449851699,87.1644913904671,325.331125827815,0
38.0244885969968,11.5728706833009,-0.670454224885034,2.81100034228932,18.9664663734386,1.16315302447217,38.1762356410053,2.83722888369864,45628.9040814888,95.8100122100122,10.2166808706714,90.5718468021137,85.4552810878193,153.145695364238,0
38.0209850055478,11.7978952441152,-0.613785671727966,2.65707585243195,18.5601651692828,1.18568143149702,38.1756908600617,2.8684934895863,45625.3203276865,95.8100122100122,7.49319571369749,106.899085344865,88.8220868342663,457.781456953642,0
38.006819472367,11.3486387228271,-0.640611179785688,2.67144707262089,18.0604811828282,1.14682531390715,38.1557009607139,2.82479273278164,45608.7856850196,95.8100122100122,5.80779747930969,101.377033360884,83.981255939755,189.569536423841,0
38.0168635023968,11.5558353793023,-0.651379324375007,2.76065867461561,18.3892387584411,1.15442115085363,38.1684178882824,2.83502360895674,45621.2751381408,95.8100122100122,10.3478970803716,100.676070858972,82.8436753182861,288.079470198675,0
37.9736047517894,11.7357122119418,-0.667573726320095,2.84262628325757,18.6813349630675,1.17096145135278,38.1276880814966,2.85770852396367,45567.2126012108,95.8100122100122,7.08700212146269,91.66516718336,81.4238947504359,232.615894039735,0
38.0049932709171,11.44205561593,-0.700019311096289,2.85837532320571,16.8992349640932,1.15072197243229,38.1551050585802,2.80216633981742,45606.0370748632,95.8100122100122,7.56806586779758,81.3041145013029,92.1065025313319,489.238410596026,0
38.0626445649652,11.1895473402054,-0.668125247371538,2.83166502617614,17.0604628602754,1.154526108493,38.2092284894677,2.76768575501278,45675.5907207327,95.8100122100122,8.28575819283514,88.9514595671824,84.5558703148966,166.390728476821,0
37.9975746924188,11.5385519631328,-0.714301399309601,2.86500312752977,17.7748025790915,1.15724765610173,38.1489793705588,2.83788051941959,45595.0126078831,95.7494505494505,5.34715098147033,98.0736112271575,92.0516690040153,10.7615894039735,0
37.9958798612866,11.6855740105732,-0.690974510924528,2.8675015846576,17.6040815405418,1.15245856212965,38.1492166443006,2.83410717598078,45595.0177336101,95.8705738705739,9.59370599458498,97.5100741632406,75.8771105945321,233.443708609272,0
38.0060894310618,11.4131171385224,-0.66790723944274,2.8521997241909,18.5486804363701,1.17842973196735,38.1558180094283,2.82455864486367,45608.2098245031,95.8100122100122,6.08957343970406,93.7529252385361,86.5591595152344,286.423841059603,0
38.0499061388423,11.4136932630856,-0.631567148191033,2.72812708120956,18.1231794560193,1.16404806299138,38.1994705060989,2.84133243709936,45658.9893724038,95.8100122100122,8.67639516558717,100.693708296775,76.4705628586602,23.1788079470199,0
37.9761167443682,11.4578061151248,-0.666117453683916,2.90172308691934,18.6175946250986,1.15460369205385,38.1265486095375,2.80359011601937,45570.1782607565,95.8100122100122,8.15931364295968,95.0108608930117,88.7718482308447,328.64238410596,0
38.0120674415069,11.4938844524307,-0.712232876884822,3.08501500463506,19.6404520653123,1.17023533357127,38.1628298920334,2.80955842022903,45614.7301932233,95.8100122100122,6.75679106595112,92.7302319350552,83.1819332702658,466.887417218543,0
38.0300431129534,11.5367563795833,-0.605089670921833,2.70290142485629,18.2335520346867,1.16160161909342,38.1812955463012,2.85071894430804,45634.6916258338,95.7494505494505,8.63513834413494,96.7203462866513,80.5533953758491,57.1192052980132,0
38.0043657564746,11.6456328385826,-0.668925875681582,2.78330609735182,17.9770622767066,1.15747198613964,38.1571455009014,2.83974093930151,45606.3079442162,95.8100122100122,5.89042397445758,100.711906266909,87.7776635428202,458.609271523179,0
37.9939180127656,11.5953442369436,-0.718876156014212,2.86795572010512,19.0335400117997,1.16326217454377,38.1460809973508,2.8363457773695,45593.6863099929,95.7494505494505,8.05243214143946,95.7954413686311,91.4182149155732,195.364238410596,0
37.965688875228,11.269293604866,-0.665467404195963,2.90244651619141,18.907623407189,1.15866478174472,38.1136910062101,2.77866956866961,45558.4555302584,95.7494505494505,9.27467256364303,90.1174071640503,82.334475664054,194.53642384106,0
37.9983840348976,11.6525893650688,-0.638115231630214,2.77963071548953,18.8804891165868,1.17220584176535,38.1512788281446,2.84578301178757,45596.9727544315,95.8100122100122,6.55277503063693,85.9040632493004,86.3524201196724,290.562913907285,0
38.0123145047775,11.3045912753415,-0.68305915755237,2.78535215207349,18.1080211547329,1.16954459757988,38.1605979072211,2.80261157539574,45614.8114900818,95.7494505494505,5.47094868207356,91.3906742882688,94.0912005643222,441.225165562914,0
37.9931876324855,11.7598146693276,-0.69732043170742,2.93829158117843,18.8743449092119,1.16110750140865,38.1475075130835,2.86064384675236,45590.7452053652,95.7494505494505,6.84937208469502,97.5521604531453,90.2018295139935,166.390728476821,0
37.9926804740879,11.435483503506,-0.637644841243513,2.72100391197408,17.9741270268765,1.16523267320492,38.1427546393119,2.82801200669646,45590.2969094407,95.8100122100122,8.96654631174841,93.6026423336157,85.8480279233903,338.576158940397,0
37.9964097098998,11.4136828210524,-0.671604149561595,2.78633335947774,19.0540770074908,1.18132443234285,38.1461836909125,2.81953650794954,45594.9068510795,95.8100122100122,5.37577644030816,95.22691445797,83.0133886884358,290.562913907285,0
38.0246948852903,11.7003270233286,-0.671628236586085,2.77155748296515,19.5307150718876,1.19255716453963,38.1781089891667,2.85703151005661,45631.6794875831,95.8705738705739,8.94781644276302,97.3758154622077,81.0327688313554,387.417218543046,0
37.9738834347283,11.6579137123228,-0.692778733691611,2.90776549857385,19.1719323246388,1.16567001503584,38.1269462452422,2.82424622005196,45567.3831098607,95.8100122100122,8.17284555502382,103.093144071695,95.559050020042,371.688741721854,0
37.9446814060317,11.5404997742563,-0.713100033891678,2.9254618764175,18.4565246776507,1.15899632276826,38.0963218395677,2.82952984803051,45532.4533039436,95.8100122100122,9.3422772784792,94.7060877213826,83.5994072517415,213.576158940397,0
38.0147417636897,11.334669233729,-0.697688553495309,2.97071110326396,19.2689645935567,1.16257203195824,38.1634094768902,2.78315182554783,45617.4879603114,95.8100122100122,8.23792845018093,85.146103502242,87.5237577182463,468.543046357616,0
37.9981710142509,11.4429076520933,-0.646342017902943,2.8526509669103,18.9504695517623,1.16812605044287,38.1483208052966,2.80009760132938,45596.9341119554,95.8100122100122,10.8351054117523,93.3051206658295,82.1338203407902,230.960264900662,0
37.9795099421655,11.4272532783701,-0.643004819730953,2.69915150842806,18.3908679574412,1.16464320646186,38.1295281106826,2.83464806483068,45576.165873411,95.8100122100122,6.24970450615005,102.082749833109,85.1843788009482,409.76821192053,0
38.0322730118303,11.6597191200431,-0.653701246984808,2.74568317292681,18.6011429456776,1.16643510457731,38.1851253922797,2.86016034927422,45637.6307835819,95.8100122100122,7.68046726210807,89.8495386919345,84.5618699200093,372.516556291391,0
38.0178113375503,11.487774606768,-0.650171526641385,2.78484639050228,18.0509036714816,1.15032192193258,38.168471129059,2.83724522367606,45619.9103545197,95.7494505494505,10.5630076127408,97.3629677938169,87.2914107120104,134.933774834437,0
37.99893793989,11.441063880372,-0.60987949532744,2.61239630830234,17.8257373657534,1.16232111728201,38.1490605671837,2.85240805924351,45599.3849086402,95.7494505494505,7.69354596030812,97.3573260847343,90.5988374588926,310.430463576159,0
37.9894314955921,11.6615618730296,-0.679830862800046,2.84288777411477,18.8058532703487,1.15912982298665,38.1424796959329,2.84115626490615,45585.3964972301,95.8100122100122,13.2988248816742,96.8284431962357,90.4309408788291,213.576158940397,0
37.9848873304169,11.3707572706002,-0.673694699411931,2.79742931704837,17.7709046974275,1.15775766916636,38.1341442153064,2.81241802244901,45581.6494842899,95.7494505494505,6.78756192470736,85.2715052905353,97.955771745168,278.973509933775,0
38.003008131223,11.371586323561,-0.699678681763705,2.90068001760875,18.6345607896285,1.15740919054725,38.1522049810202,2.80744931371153,45604.1426058647,95.8100122100122,9.30903380977385,90.8662589886463,80.4762266963676,10.7615894039735,0
37.963362527418,11.4766710684819,-0.628032320419849,2.77422882920773,19.1479393270372,1.17047465174232,38.114092007122,2.83001873525016,45554.970670013,95.8100122100122,8.75622272157422,93.6843701751816,79.861029180773,456.12582781457,0
37.9960753196211,11.2696217894577,-0.715881990027571,2.9223068619649,18.212065855534,1.15311119869718,38.1439638468774,2.79670265539664,45596.9339084683,95.8100122100122,6.69745524398631,101.348650841184,90.1053614737672,10.7615894039735,0
38.0168092762945,11.5495231195101,-0.653776636251605,2.82688119975219,18.756841855927,1.16695786376581,38.1682812565733,2.8205235852292,45621.2000473014,95.8100122100122,8.32471898608349,88.1319616400999,90.6511203851446,197.019867549669,0
38.0401928543244,11.3701889954457,-0.661692880448214,2.74883931189318,17.9839275602829,1.15378259030127,38.1892261524312,2.80107992190444,45648.2845555328,95.8100122100122,8.23337121591533,80.493839572378,92.8766087172368,261.58940397351,0
38.0078592709822,11.6536353354117,-0.683818807011149,2.87507728724145,18.5164609466431,1.16315958173273,38.1607297941416,2.83681606395633,45611.1841941997,95.7494505494505,7.50541574499384,95.0383186567338,80.0740418557216,10.7615894039735,0
37.9875900509072,11.5153121252074,-0.67972739685951,2.90409030353475,17.6043698617885,1.14461668901711,38.1387299460488,2.8151164744885,45585.0825848312,95.8100122100122,9.17212508482183,91.3438283238598,79.3634221325978,118.377483443709,0
38.0066860960174,11.3801500633301,-0.63754069431351,2.78770091363079,18.2231176894881,1.14832660186995,38.1559806911374,2.81169191719679,45607.2538279773,95.8100122100122,6.86850755755941,82.7518373432791,86.805364280406,487.582781456954,0
37.9904241524775,11.5853119710207,-0.64273265073045,2.72296813256021,17.472969454772,1.14801877097284,38.1424696744741,2.86131862562955,45588.2485132311,95.7494505494505,8.1639662507998,92.0312694370745,87.6706832545494,467.715231788079,0
38.0362911680662,11.5377616081718,-0.649810448488277,2.86505304819334,18.8068004632553,1.15640268816943,38.1875320050197,2.82879554151943,45642.4743475802,95.8100122100122,8.70877688804937,102.975723283914,83.8709021615838,284.76821192053,0
37.9976766723986,11.4272169168919,-0.693097907732105,2.85090609171834,18.5147970053178,1.15145743990187,38.1476229228668,2.80883973286094,45596.672932262,95.7494505494505,9.66264706693313,92.2899064408529,89.9559347773209,86.0927152317881,0
37.9933606819638,11.2728774060228,-0.734723221024028,3.07233777653582,20.0502904639936,1.15220783577136,38.1413023777791,2.77569365518548,45591.2957721865,95.7494505494505,9.71561168327333,85.8481869083952,100.922056078263,151.490066225166,0
38.0091540915615,11.7243603207923,-0.663030065620804,2.80449793212797,19.2020825527526,1.1813383726496,38.1629452861245,2.84523204302913,45611.4447257132,95.8100122100122,6.5649938133948,92.1881616514787,78.1553311774195,410.596026490066,0
37.9562552571546,11.2979722571764,-0.664337776193213,2.84198135907707,18.3631860142895,1.15561432058903,38.1046700322395,2.80362571188865,45549.1621626764,95.7494505494505,6.92082034363719,98.4642231351798,82.103785392854,135.761589403974,0
38.0352731321783,11.5916935855811,-0.693934033695059,2.89249952962331,19.9364833692541,1.16113883541708,38.1872235718102,2.83220512190243,45643.8013285355,95.8100122100122,8.29549556031945,99.7255077752502,81.4873999875148,134.933774834437,0
38.073617457497,11.2401513437881,-0.617737541861085,2.76888717881276,18.1474224117711,1.16563213083103,38.22082074799,2.78569095845113,45687.0877882474,95.8100122100122,8.13550746650922,96.4224464592683,78.5486437449658,10.7615894039735,0
38.0720365439729,11.7271756492578,-0.68593376573935,2.85851898111003,18.9043505789512,1.16884516451604,38.225611541813,2.84974388404541,45687.3465975973,95.8100122100122,6.56212438455753,89.2902050346403,85.5287609637708,187.913907284768,0
38.0146720123341,11.2382387412182,-0.719935063468578,2.94895108208322,18.5004737179559,1.16736453762264,38.1620776366465,2.79801848182327,45618.3827102868,95.7494505494505,7.05492175678616,84.6725045515809,89.7222527339141,488.41059602649,0
38.0039960002444,11.4168260120138,-0.705057845490286,2.96495970219813,18.2052806285541,1.15251465902805,38.1537813577983,2.80944757882637,45605.9836745357,95.7494505494505,9.63631130133438,93.7683129785077,79.8151113011193,439.569536423841,0
38.0693525736131,11.5186926665934,-0.722350822556365,2.96319752896647,19.8295943119184,1.15824403000258,38.2202133317245,2.81894971165322,45683.7617310908,95.8100122100122,7.30665206056452,87.1093719387028,95.0146908372849,389.072847682119,0
38.0016197562876,11.4539416954823,-0.68917139815462,2.84191939221471,17.6577285219213,1.15990013487304,38.1519004610916,2.82747337949247,45600.5841746579,95.8100122100122,8.58905208202405,93.4478261209812,80.0881044251292,246.688741721854,0
38.0133572008876,11.6908393501082,-0.726744994926309,3.00276562754826,19.0209763815939,1.16836920077972,38.1666926884965,2.82642949466965,45614.6873723523,95.8100122100122,8.54565929743038,104.880400481833,90.4360750424135,197.847682119205,0
38.0235864193744,11.3501819106454,-0.75183527806915,3.0783788276494,18.9371938563733,1.16480842887622,38.1724227092395,2.78875892092246,45628.237351093,95.8100122100122,7.53439049085941,101.860251001168,83.0053551131083,24.8344370860927,0
37.9906558446665,11.2699473430206,-0.691472489544581,2.92052752173459,19.1838719963279,1.1623544304401,38.1385696513118,2.78627954267718,45588.0247051719,95.7494505494505,9.92898664217549,102.52225287516,78.1982331659221,382.450331125828,0
38.0283259451536,12.0190644775753,-0.697152909335708,3.01850515688499,20.7968634792257,1.16345449417136,38.1858957092926,2.88591692939159,45634.3500143198,95.8100122100122,8.25095151994611,90.9036959671774,91.8725627985039,262.417218543046,0
38.0229279251843,11.1355959750638,-0.639067171433816,2.76249973155255,18.1162275693705,1.17403866986737,38.1689582257903,2.78357796938071,45628.1657807987,95.8100122100122,8.58537164731513,91.0195205372457,86.5421885691954,10.7615894039735,0
37.9983349753099,11.7216155313839,-0.673861847398231,2.9307116001883,19.364487872921,1.19030829853713,38.1521338400296,2.82854488896628,45598.4696411207,95.7494505494505,5.93820101023681,108.040361851655,86.5705117549111,409.76821192053,0
38.0229903294109,11.6591552119186,-0.636091661345382,2.75244921162653,18.7475677342659,1.16796193778271,38.1758724972935,2.83965296938758,45627.8903546355,95.8100122100122,6.58874652092102,93.4913252813145,80.2766068403463,458.609271523179,0
38.0218268737121,11.5804841393631,-0.713161677095931,3.01149893922814,19.0232351035828,1.1613960954108,38.1736841369255,2.83577041972271,45626.0367986431,95.8100122100122,8.12407446217322,90.2622220261799,89.3958165135611,391.556291390728,0
38.0439454072374,11.6342343353049,-0.643926263301315,2.76364934439232,18.2702207134386,1.15989857862852,38.1964177556153,2.85506729832796,45651.0462696714,95.7494505494505,8.78204171155823,99.2816088946779,91.2492004383479,151.490066225166,0
37.9999000398699,11.6731208972898,-0.710653805916766,2.81701745916941,17.51365935506,1.1630718611224,38.1530576027169,2.84207722622938,45599.21873619,95.8100122100122,7.32803948017689,90.7720170751509,88.1751915107206,343.543046357616,0
38.0048468853488,11.961250375491,-0.679635619628436,2.7735486236509,18.848318726329,1.16928516046553,38.1617567434356,2.893257552628,45604.7390907161,95.8100122100122,5.07965357784252,99.3810549962571,93.922431476002,167.218543046358,0
38.0086373471914,11.143583702354,-0.650809562977621,2.80609387309412,18.0599603219831,1.15644306546476,38.1548269306135,2.78342536374585,45610.9254615218,95.7494505494505,6.61178096397245,80.5701278051768,72.4107242701772,166.390728476821,0
38.0462535155571,11.5334433845757,-0.644577767140364,2.85405045213038,19.2531791540944,1.16963186105904,38.1973984291399,2.82936887565109,45655.0778241199,95.7494505494505,9.14185489152873,98.3842516368784,91.5618545712866,410.596026490066,0
38.0099626347919,11.4098946238718,-0.668624020361297,2.73444201654281,18.2110910665132,1.15713810674897,38.1596338267752,2.82153304728271,45611.7025038957,95.8100122100122,7.6716302890106,102.103479686071,90.1403631804643,484.271523178808,0
37.9989111407862,11.4072250283559,-0.657334692337102,2.75922084392162,19.4686683245189,1.16923702122288,38.1485907316109,2.82072698891813,45599.5141501868,95.8100122100122,5.88917143796148,98.4819303762424,77.4420330553789,436.258278145695,0
38.0348652550419,11.2076820649035,-0.683544410204079,2.87084900182531,19.679733238129,1.16012323900416,38.181793109749,2.79828423860793,45642.3259648887,95.7494505494505,5.58111754343194,92.368672604315,91.9746361432915,38.0794701986755,0
38.0379344887988,11.2897841795693,-0.638597875781629,2.84266505630404,19.2156204996494,1.17243845754027,38.1859246848081,2.80774808593921,45645.2448073654,95.8100122100122,7.18280506068937,88.6906819119038,88.8065207907842,371.688741721854,0
37.9685348124107,11.6144653652688,-0.707234812512167,2.90715893671844,19.3633182383548,1.15453985546,38.121049703599,2.84620173484982,45562.1263742246,95.8100122100122,6.21936003493675,103.05951173496,92.5177203608071,488.41059602649,0
37.9891602813271,11.4532094772332,-0.661659095281704,2.84122529370018,18.7743134011557,1.1685404591818,38.1394804889023,2.84275314385489,45588.1560433504,95.8100122100122,6.26966354272839,93.5492540563194,87.2640894930946,297.185430463576,0
38.0398532172967,11.7775346332238,-0.682946994894796,2.91284167839977,18.8109783917627,1.16157244668466,38.1942163290012,2.86953046322789,45647.2023651976,95.8100122100122,10.0281078699828,95.4305429038701,80.354296347414,10.7615894039735,0
38.0379054984294,11.3179383926215,-0.66309634214765,2.8232012861068,19.2334535142582,1.18135108019879,38.1862641448188,2.80133639598866,45644.0022859327,95.8100122100122,6.51726599081112,94.3702119839913,88.8018733690325,457.781456953642,0
37.9715680176659,11.5198675180417,-0.698285815669104,2.8987111710263,18.0067399706532,1.16177735574605,38.1228311296776,2.80586539468856,45564.770054049,95.7494505494505,5.33780974843167,84.5820420056249,82.8251490482927,245.860927152318,0
38.029837450723,11.6819194198984,-0.668884226688947,2.84179526132332,19.241448115993,1.17152989886178,38.1829900495123,2.84801488171398,45636.1621927993,95.8100122100122,6.5157762113376,97.8408864095274,86.3385194704078,10.7615894039735,0
